fileName,Max Dep Ref,GraphModifySize,GraphModifyTime
model_OLD_13Feb.xlsx,Flows:E5,102,139
stitch.xlsx,YOGASMOGA - Product Sku Export :BF939,1000,52
hybrids_05.xlsx,vw:C45,528,59
غمراسن.xlsx,المشاريع:A3,355,16
وذرف.xlsx,المشاريع:B3,356,5
Zone Entries - Ottawa Senators 2013-2014.xlsx,Senators Team Stats:S92,162,1
地方政府债券整理-hs.xlsx,Sheet2:A331,1000,127
Kraken_BTCEUR_1h.xlsx,Sheet1:B2,1000,43
Day2.xlsx,P1:X2,250,10
REMISIONES  CENTRAL   AÑO   2 0 1 4.xlsx,CLIENTES CENTRAL :O2,422,6
BC  KQKD T4.2018 BIÊN HÒA - Copy.xlsx,BKE:F42,417,11
Surf_overlay_diag_E.xlsx,ZIKV:E1046472,509,44
Question 5.xlsx,Pre-Trade Single Stock:AJ25,1000,22
Hedge Output.xlsx,Transaction Day mapping:A3,734,10
benodigde grafieken barometer GJ en wve def data update dec 2012.xlsx,uitacces:A2,1000,31
el staff coll.xlsx,APRIL2015 TO JAN2016 (4):Q8060,884,20
Stull-SkewT04-logP-modifyTheta_e compare to Bolton.xlsx,Sheet1:J1,1000,104
gaslines_model_public.xlsx,Transect:A9,1000,21246
Tio Cash Master 1400 Find Ratio of Star-fam.xlsx,1405 fam19 ratio:C5,1000,28
FullRes Capture conversion.xlsx,Peaks:E5,951,10
wykaz_czasopism_18-12-2019.xlsx,Czasopisma:B3,1000,12
Solution_lesson_2.xlsx,All:G144984,1000,1338
relacao_geral_-_vodanet_-_07-04-2014.xlsx,Anatel:N1213,227,2
Quizzes_17.2_17.3.xlsx,Quiz 17.3:D1,1000,27
REMISIONES----OBRADOR---A G O S T O      2016.xlsx,REMISIONES ABRIL  2016  :B3,1000,66
Raw.xlsx,calcs:BE53,165,3
物理作业11.xlsx,Sheet1:IR152,150,3
Measurements_Temperature_DutyCycle.xlsx,Feuil1:D1,1000,11
GL_Driver_Safety_Report_ferguson_20211031_095848.xlsx,Report:Y5,1000,22
lenderToProyek.xlsx,Sheet1:I5345,1000,20
Covid SJC.xlsx,Dados sim recup log:B600,214,4
تستور.xlsx,المشاريع:A3,357,3
VQAT_Stock forecast for each and all stores.xlsx,MOQ-306:BC10,154,3
datacite_template_20200424_test.xlsx,metadata:A78,231,4
FirstLink - Copy 2.xlsx,logt via t:A4,1000,16
5_4_합성곱신경망.xlsx,학습:E16,384,12
FY 2018-2019 Weekly Placements-Returns-Reconciliation Tracker.xlsx,Dailies Summary:C100,342,5
relacao_geral_-_vodanet_-_08-05-2013.xlsx,Faturamento:H391,787,7
【第8回当日配布料】問題演習_第2回_確率.xlsx,（演習問題２）NYの気温データ:B14,1000,12
2014.12 Thermal Decay .xlsx,Three Fourths 2pt:F7,695,17
Gastos.xlsx,Iniciales (PRESUPUESTO):BD15,133,3
indexes for automatovie sector.xlsx,ReferenceData:C1005,1000,11
Fact2Sheet_Corona_20200605.xlsx,LastWeek:I3,142,115
BAO CAO CHI 16.10-22.10 TEMPLATE.xlsx,Chi tiết:L7,292,8
Day4.xlsx,Calculations:QX215,184,6
DRAFT_COC_database_20200915_2056_SENT_TO_NTMWD.xlsx,COC_RiskScore:S1,229,5
REMISIONES--DICIEMBRE    --- 2 0 1 4.xlsx,OBRADOR REM :A2,265,3
dt upload SIMP MEI 2018.xlsx,Sheet2:A643,1000,12
test-products.xlsx,луковатый:J9,1000,39
UWP_Pointer_Log.xlsx,Drag_Swipe:L5,1000,118
zad5.xlsx,D:M1,1000,26
医療需要予測ツール_オミクロンとブースター考慮版v3_20220103.xlsx,短期予測:B24,261,11
AHP_Psychometric - weighted.xlsx,AHP Example:O85,297,8
Vinci.xlsx,n100:L7,104,10
DT-2020-N-B53-TT343-56.xlsx,40:BA1131,224,8
timeseries_tracertest_Kortright_7hr.xlsx,Hydrograph_TracerTest:D544,1000,30
REMISIONES--MARZO    --- 2 0 1 5.xlsx,OBRADOR REM :A2,265,4
SMOK.xlsx,Arkusz1:A2,1000,7
2020年慢病预算(12.12调整稿).xlsx,老店新客门店:CA11,284,6
REMISIONES----OBRADOR---JUNIO    2016.xlsx,REMISIONES ABRIL  2016  :B3,1000,12
Daily Update Data Agregat Covid-19 Jakarta.xlsx,RDT Ag:A50,162,2
RS_2017-18_data_by_LA.xlsx,PHE Check:G4,450,18
STN_Forecast_Fixture.xlsx,Departures & lanes:AX106,125,2
REPORT T05 - 2018.xlsx,Waste Qty:E129,212,8
walkingFast_euler.xlsx,walking_euler:A1,1000,10
dart_message_generator.xlsx,ent_poly:A28,257,6
hero.xlsx,英雄军衔配置表:P4,636,11
信息技术服务业景气指数&市场风险预警数据.xlsx,Sheet3:M13,207,3
relacao_geral_-_vodanet_-_11-06-2014.xlsx,Anatel:N1213,227,2
ISTC_February_2017.xlsx,Items Sold to Customers:F254,293,7
Stock Forecast.xlsx,Virgin Megastore UAE:AZ3,155,2
Real-Statistics-Examples-Distributions.xlsx,Weibull 3:D3,998,11
数据库-1.xlsx,辅材:M2,356,29
Logistica.xlsx,Base:B7,1000,20
17上(中国) 受注・売上実績1703.xlsx,●17.03実績＆計画:Z113,174,4
NHUNG - NCC - CÔNG NỢ PHẢI TRẢ CN3.xlsx,CHI VP:A2,181,14
data processingfn (1).xlsx,VA:C4,166,10
index correl and deferred effect.xlsx,日CORREL:B4792,1000,272
Лаба по химии.xlsx,Лист1:F803,1000,13
191126P2_ROIAnnotationSummary_200218.xlsx,Flash68_annot:A2,182,2
Tio Cash Master 0700 PS One Million Test Prime.xlsx,just another 30:I1,1000,20
image-1631663008654.xlsx,2021.02 Análisis:R2,332,19
sales.xlsx,Orders:C5000,1000,4
New_Crude_All_manipulated.xlsx,try:H2,1000,10
Report_Template_INDEX.xlsx,OP2:B10,169,6
EventLog_2.xlsx,Sheet1:E108482,1000,14
relacao_geral_-_vodanet_-_14-03-2014.xlsx,Anatel:N1213,227,2
benjamin_rogers__1169__Base.xlsx,Debt:E160,119,2
program.xlsx,дома:D143,1000,19
errol_mclaughlin_jr__10120__Chase-Stoneville Model 12_29_00.xlsx,Surety Bond Annuity:B11,392,7
Taxa_Assignment_Matrix.xlsx,E:D1,1000,42
20180913_Data_Import_Tool_Logic..xlsx,20180912_Data_Import_Tool_v1:FL2,1000,43
Thomeer2019.xlsx,THOM_B-C_edt_2018_196:D4,323,8
H2_consumption_test_15min.xlsx,H2_consumption_test_15min:V2,1000,184
Breclav.xlsx,Hochzeiten:I868,157,1
PIB 2000-2019 (INE).xlsx,Tabla_1:AP70,104,2
CovidVaccinationProjection3-3-2021.xlsx,Projections:C5,765,37
label_underwriter_data.xlsx,工作表1:AH1,1000,132
الماتلين.xlsx,المشاريع:A3,356,3
Totalen per rekeningcode Jaarrekening 2015 provincie Groningen.xlsx,Kredieten productgroepen functi:F1,1000,17
MATRIZ DE RIESGO CISEPRO 2013 MODIFICADA.xlsx,Hoja1:ID26,132,3
OpenStudio_Standards.xlsx,SheetMap:B2,383,6
Spell_Config.xlsx,Skill_Level_Config:K5,1000,26
Diao2004_v1.xlsx,Widths and BCs:C2,342,5
001-functions_financial_amortization_schedules.xlsx,financial 4:G4,492,6
big.xlsx,Sheet1:A1,1000,14
تلابت.xlsx,المشاريع :A3,356,4
relacao_geral_-_vodanet_-_12-12-2014.xlsx,Anatel:N1213,227,1
Pokemon Info.xlsx,Form Rows:F1,1000,18
relacao_geral_-_vodanet_-_17-03-2014.xlsx,Anatel:N1213,227,1
all reit industris per info.xlsx,ReferenceData:C2129,1000,20
REMISIONES- ENERO    2013.xlsx,OBRADOR CRED.:IT6,250,5
MLIAM10det_model.xlsx,economy:E5,350,7
X-新语言包配置表.xlsx,Sheet2:B1,1000,16
松_分级加载.xlsx,50:A591505,1000,14
KB08_FC_1-1_nachher.xlsx,Berechnung_Yu&Stand:DT14,966,113
relacao_geral_-_vodanet_-_22-05-2013.xlsx,Faturamento:H391,787,7
rainfall_data.xlsx,Sheet1:B4,1000,4
relacao_geral_-_vodanet_-_06-06-2013.xlsx,Faturamento:H391,787,8
Real-Statistics-Examples-Regression-2.xlsx,IPFP 3.2:D9,252,7
data processingfn.xlsx,VA:C4,166,2
aqi 2.xlsx,filled data:N7555,1000,25
cp_v_ac.xlsx,raise_vs_check:A2,1000,11
3C LT AutomationModel.xlsx,Work:G282,775,7
wide.xlsx,Sheet1:A1,1000,10
BC  KQKD T12.2017 BIÊN HÒA.xlsx,BKE:F18,418,10
Day3.xlsx,P1:E2,1000,20
Solution_DataToClean - Kaggle.xlsx,Solution_DataToClean - Kaggle:B2,1000,11
Tio Cash Master 0150 Factors.xlsx,0158 Test All With Mod:J3,1000,12
relacao_geral_-_vodanet_-_17-04-2013.xlsx,Faturamento:H391,786,7
relacao_geral_-_vodanet_-_08-04-2014.xlsx,Anatel:N1213,227,2
5C4-005-A Minex 2015-10-21 Noise Charts 1-18GHz.xlsx,X1:E13,800,20
قلعة-سنان.xlsx,المشاريع:A3,357,4
SYNTHESE UKRAINE 2016 V30 11 2017.xlsx,Donetsk:P229,380,14
REPORT T06 - 2018.xlsx,Rpt:CH355,233,9
REMISIONES-- E N E R O         --- 2 0 1 6.xlsx,REM OBRADOR :D112,1000,12
task_info_data.xlsx,文本:K2,262,894
데이터랩_퍼스널컬러_전체기간.xlsx,성별_수식:D908,1000,15
SurEau_para-refqqq.xlsx,Fractal shoot:B10,108,2
ResultsNew1.xlsx,Correlation:DJ242,172,10
midterm.xlsx,Ex 2 - location Table:A2,1000,10
قبلاط.xlsx,المشاريع:A3,357,3
Schneider Equivalent Point Map.xlsx,Logical Map by Type:F200,599,7
TableMath04.xlsx,二色高牌:A1,230,6
BACM Annex A.xlsx,Sheet1:BC155,1000,13
tori_kuykendall__40083__DailyPrices.xlsx,Sheet1:C1,1000,28
error-apportionment.xlsx,CSs and Loads:C19,132,2
DescriptionVI & HS Code 2018_rev06 - Copy.xlsx,Master-HSCode-VI:A2,1000,10
GCS-MT-12.xlsx,Consolidado pendientes:B9,1000,10
Incendios forestales_consolidado.xlsx,consolidado:G8557,1000,24
GF-FOR-025 Formato Evaluacion de Proveedores.xlsx,CALIFICACION PROVEEDORES:L2,304,4
EITI dataset_3April2015.xlsx,Country-level:AH995,1000,15
relacao_geral_-_vodanet_-_29-08-2014.xlsx,Anatel:N1213,227,2
data_stinkBug_2018-2019.xlsx,9 DE JULIO:E964,1000,159
measles.xlsx,solution:A15,1000,11
REMISIONES-- NOVIEMBRE        --- 2 0 1 6.xlsx,OBRADOR REM :A2,265,4
EarlyRetirementNow SWR Toolbox v2.0.xlsx,CAPE-based Rule:B6,1000,19
manualisasi fix.xlsx,Sheet1:G264,103,2
Covid 20210215.xlsx,Sheet1:B269,687,9
باردو.xlsx,المشاريع:A3,357,4
CARDEX ENERO 2020.xlsx,PERNIL:G8,1000,22
NKSC - 17 - new.xlsx,SC-I:F37,106,2
relacao_geral_-_vodanet_-_29-05-2013.xlsx,Faturamento:H391,787,7
book_43.xlsx,Sheet3:A1,1000,5
machanism.xlsx,Sheet1:J1771,1000,7
Pres-2014-V 0 (TBK Ori V 3.0).xlsx,Información Op. 2013:K237,134,3
1 LRD - Influent Characterization - 2015-2017 (version 1).xlsb.xlsx,Data Sorted 3 SD:D778,124,8
REMISIONES-- J U L I O      2013.xlsx,OBRADOR REM :G1,371,6
Binno test Status Nov01_2018.xlsx,Test_worksheet:B104,958,5
منزل حرّ.xlsx,المشاريع:A3,357,3
이정인_퍼셉트론엑셀.xlsx,Sheet1:F3,1000,207
REMISIONES-- FEBRERO          --- 2 0 1 6.xlsx,REM OBRADOR :B4,1000,10
股票_LLT模型-带止损-实盘记录优化版.xlsx,LLT差分理论值:H2,1000,52
Multilateral - 32banks_40000txns - Final - Copy.xlsx,4banks 5000txn - elim templ:E5,1000,19
relacao_geral_-_vodanet_-_04-04-2014.xlsx,Anatel:N1213,227,3
monte.xlsx,Sheet1:B4,1000,6
HFRI Indices 3.30.2015.xlsx,Indices:BB34,192,3
Known Distributions.xlsx,Fun with colors:C4004,1000,12
District_Dairy_Distances.xlsx,distance_matrix:T2,469,17
YODA_TimeSeries_TEMPLATE_DRAFT.xlsx,YODA File:C2,1000,17
FY21 Attendance Tracker_Final.xlsx,JUL:A2,303,3
Hanging Pendulum Tests - Complied.xlsx,Hanging Pendulum Test - Trial 3:B2,1000,18
EIoF_CashFlow_NoStorage_MN.xlsx,Assumptions (NG):X190,268,35
dutch_quigley__9367__gbs0711pos.xlsx,Position:Z2,219,7
Courbes.xlsx,Recal:D2,278,13
Real-Statistics-Math-Topics-Examples.xlsx,Varimax 1:C11,678,41
CLM_ER_NA_g010pm_r100_Lm030__323__001.xlsx,CpmFilter:CV1,992,14
SubRes_IND_Techs.xlsx,IND_Vehicles_new:E2,119,3
Decision_Making_with_Loss_Function_Demo.xlsx,Sheet1:C12,216,66
EIoF_CashFlow_NoStorage_TX.xlsx,Assumptions (NG):X190,268,43
2019 Publications_New Updates_2020 04 25.xlsx,Total Faculty by Weight - V2.0:A8,395,3
MLIAM10unc_model.xlsx,econlow:E5,346,6
TMC5160_Calculations.xlsx,Microstep Table:C10,260,4
skilllevel.xlsx,skillLevel:L5,1000,2147
PData.xlsx,CpDataCoefficients:B2411,625,35
EC07.xlsx,IVP-Euler:D4,1000,16
Delay-CI-Rawdata(1).xlsx,Sheet1:B28,1000,11
Day1.xlsx,P2:B7,170,3
Tio Cash Master 1800 ratio fam all flags.xlsx,1800 ratio fam find 7 labels:G399,394,8
Tio Cash Master 1450 Find Ratio Graph sq and ratio all shaded inverse curve.xlsx,1450 find sq ratio all :I5,119,2
KTCL-master-data_20170814.xlsx,All Schedules:A502,1000,14
WeeklyMarketAlert_v1.0.xlsx,viz:E1,1000,14
Andrej Sisila - Volby.xlsx,Volby 4-6:A2,1000,12
Scoliosis.FPO.xlsx,Eg-Financials:U3,1000,88
Test13_100k_lines.xlsx,Sheet1:A2,1000,12
Champgnat-Boaventura_1998.xlsx,Sheet1:C2,1000,11
Расчет ШИМ.xlsx,Лист1:B4,999,42
Multispecies seal bottleneck analysis 02_03_12.xlsx,dataset 12 reworkings:F108,900,12
The Sorted Dataset Based on Separation and Location.xlsx,Clean Jamming:A2,1000,10
score2.xlsx,07. IK:P2,664,21
Real-Statistics-Time-Series-Examples.xlsx,ARMA 1.1e:C6,119,3
bot.xlsx,Sheet2:O1,1000,35
MRKT-TRKR_2020-05-19T UPTREND31 to  Sundeep.xlsx,Index AD:AC3710,1000,24
datalog1.xlsx,datalog1:A2,1000,13
2014 年预算-上海君悦hp.xlsx,M6-销售费用:M349,142,4
HTMA_3rd_Ch6-2.xlsx,PowerLawDist:B4,1000,58
PWM.xlsx,Sheet1:AB1,1000,25
evidyon-item-spawning.xlsx,Sheet1:D68,515,3
datacite_template_20200413_test.xlsx,metadata:A78,231,3
Academic Plan Growth Analysis 20200403[1].xlsx,quartiles:J110538,750,12
IEX.hourlydata_final.xlsx,Sheet1:B2,1000,72
DINAS PENDIDIKAN GABUNG BOS OK BANGET.xlsx,PERHITUNGAN DISDIK 2019 (2):G8,1000,39
HeroDataTable.xlsx,battleEvent:J4,1000,19
NKSC - 16.xlsx,NXT:B32,394,4
image-1631663060533.xlsx,2021.02 Análisis:R2,332,11
nbbc-currents-chart2017.xlsx,Raw Data 2014:U1,497,18
GL_Driver_Safety_Report_ferguson_20211031_100043.xlsx,Report:Y5,1000,13
Kardex Octubre.xlsx,Reporte de salida:AI1110,974,13
ODA OOP Sim v8.0.BR.xlsx,Construction:F3,151,11
arrow_task_final.xlsx,version6:A67,1000,103
2013 criteria hit.xlsx,General information:E27,107,2
powerprofile.xlsx,5min:A8,700,7
relacao_geral_-_vodanet_-_30-01-2014.xlsx,Anatel:N1213,227,2
AMAZON_COMPUTER_20210425.xlsx,USA:B1130,1000,34
アメリカ式part2【資料】第2回_エクセル演習.xlsx,（演習問題２）NYの気温データ:B14,1000,11
relacao_geral_-_vodanet_-_21-05-2013.xlsx,Faturamento:H391,787,8
REMISIONES-- J U N I O      2013.xlsx,OBRADOR REM :G1,361,6
Predictive Analysis.xlsx,Statistical Tests:C105,1000,14
relacao_geral_-_vodanet_-_31-05-2013.xlsx,Faturamento:H391,787,293
benodigde grafieken barometer GJ en wve def data update dec 2012-WE.xlsx,uitacces:A2,1000,25
relacao_geral_-_vodanet_-_10-05-2013.xlsx,Faturamento:H391,787,8
taxas-juros-emprestimos.xlsx,Prestações - Emprestimo:C6,184,5
final-assignment.xlsx,Statistical Tests:C105,1000,14
PAL User Tickets.xlsx,200 at a time:F1,199,3
RowBattleSimulater.xlsx,战斗模拟7:E7,510,10
EIoF_CashFlow_NoStorage_NE.xlsx,Assumptions (NG):X190,268,34
comment_data.xlsx,Sheet1:F9147,155,1
template_malaga.xlsx,d1 mm:AO1,134,139
Plantilla_CFE_Calif_IG.xlsx,Datos:D555,719,10
Konsolidovani ops+grad+apv-2007.xlsx,rashodi:G979,147,3
mean BMI.xlsx,Sheet1:E8154,199,3
06-CDC-EQ_APOYO-180213.xlsx,CDC-SD:G19,125,1
vkaminski__40844__665 Team Project--Tracy Pan Part 3.xlsx,5b. 7.3:D4,1000,50
relacao_geral_-_vodanet_-_21-08-2014.xlsx,Anatel:N1213,227,2
Costos_Totales.xlsx,Tasa implicita:AN19,111,3
BAO CAO CHI 16.10-22.10 TEMPLATE (1).xlsx,Chi tiết:L7,292,8
finance.xlsx,تحلیل1:AI6,488,8
Valuation of Conoco Philips-2016.xlsx,Beta Estimation - I:B5,1000,11
NHUNG - NCC - CÔNG NỢ PHẢI TRẢ CN2.xlsx,CHI VP:A2,181,2
5烧结精益生产管控系统.xlsx,计划:BC5,828,150
REPORT 26-12-2018.xlsx,Virgin Megastore UAE (2018):AZ2,154,2
testSequenceFile.xlsx,testSequenceFile.csv:AD517,1000,24
T100_1520_WAVSTEP_BRISTOL_PM_COMBINED.xlsx,Sheet1:G2,1000,117
Reboiler_Raw Data_With Timestamps - Modificado.xlsx,Variables:B28182,1000,19
PilotFlexAccounting-CombinedPowellMead-v4.2.1.xlsx,Mead-Elevation-Area:C3,672,16
basescheme.xlsx,tab_heroAttr:D5,1000,14
homework7_ducharme_h.xlsx,Calculations:E3,405,9
HESTA_Quote_Tool_Draft.xlsx,2. Unit Scale SI and Units:A11,1000,20
螺纹_LLT模型-带止损-实盘记录优化版.xlsx,LLT单手-带止损:I2,1000,19
YODA_TimeSeries_TEMPLATE_HeaderOnly.xlsx,YODA File:A2,1000,15
01-1. ExcelSimulation.xlsx,Random Simulation (2):C3,1000,4
aero_test.xlsx,Sheet2:A8,1000,13
BilateralMigration.xlsx,Database:SG217,186,10
